Configuration,"implicit_convolve_sgemm<float, float, int=1024, int=5, int=5, int=3, int=3, int=3, int=1, bool=0, bool=0, bool=1>",DtoH,HtoD,memset,maxwell_scudnn_128x32_relu_small_nn_v1,"cask_cudnn::computeOffsetsKernel<bool=0, bool=0>",maxwell_scudnn_winograd_128x128_ldg1_ldg4_mobile_relu_tile148t_nt_v0,"cudnn::winograd::generateWinogradTilesKernel<int=1, float, float>",Total_time,Kernel_time
(3_64_96_11),37919.0,1552.33,206.16,0.0141,,,,,39677.504,37919.000
(96_26_256_5),,2097.7999999999997,984.28,0.0143,147044.0,161.98,,,150288.074,147205.980
(256_12_384_3),,704.5,605.64,0.0147,,,48052.2,21752.300000000003,71114.655,69804.500
(384_12_384_3),,709.42,857.98,0.0142,,,68993.09999999999,32484.699999999997,103045.214,101477.800
(384_12_256_3),,544.01,859.43,0.0141,,,46214.399999999994,21730.0,69347.854,67944.400
