Configuration,"implicit_convolve_sgemm<float, float, int=1024, int=5, int=5, int=3, int=3, int=3, int=1, bool=0, bool=0, bool=1>",DtoH,HtoD,memset,maxwell_scudnn_128x32_relu_small_nn_v1,"cask_cudnn::computeOffsetsKernel<bool=0, bool=0>",maxwell_scudnn_winograd_128x128_ldg1_ldg4_mobile_relu_tile148t_nt_v0,"cudnn::winograd::generateWinogradTilesKernel<int=1, float, float>",Total_time,Kernel_time
(3_64_96_11),36960.1,1510.44,200.92,0.0192,,,,,38671.479,36960.100
(96_26_256_5),,1187.81,604.52,0.0194,89518.1,104.54,,,91414.989,89622.640
(256_12_384_3),,695.91,605.66,0.0193,,,48016.6,21730.0,71048.189,69746.600
(384_12_384_3),,706.15,858.24,0.0189,,,68940.20000000001,32321.800000000003,102826.409,101262.000
(384_12_256_3),,542.77,857.3,0.0141,,,46210.5,21783.0,69393.584,67993.500
