Configuration,sgemm_128x128x8_NN,im2col_gpu_kernel,ker2row_kernel,DtoH,HtoD,sgemm_128x128x8_NN_vec,sgemm_32x32x32_NN_vec,Total_time,Kernel_time
(3_64_96_11),32869.9,7344.089999999999,2715.65,2197.1099999999997,294.48,,,45421.230,42929.640
(96_26_256_5),,5483.11,56735.6,675.0,370.32,44956.299999999996,,108220.330,107175.010
(256_12_384_3),,1682.89,70799.0,234.8,225.52,,19725.7,92667.910,92207.590
(384_12_384_3),,1536.68,90351.8,141.85,200.7,,18141.8,110372.830,110030.280
(384_12_256_3),,2599.2999999999997,71512.4,175.67,337.62,,22112.300000000003,96737.290,96224.000
