Configuration,sgemm_128x128x8_NN,im2col_gpu_kernel,ker2row_kernel,DtoH,HtoD,sgemm_128x128x8_NN_vec,sgemm_32x32x32_NN_vec,Total_time,Kernel_time
(3_64_96_11),32929.8,7355.299999999999,2740.92,2187.73,293.12,,,45506.870,43026.020
(96_26_256_5),,5367.28,56402.4,659.21,365.93,43313.899999999994,,106108.720,105083.580
(256_12_384_3),,1682.8000000000002,71527.0,228.2,225.99,,19720.5,93384.490,92930.300
(384_12_384_3),,1524.1499999999999,89905.6,140.25,198.52,,18010.7,109779.220,109440.450
(384_12_256_3),,2486.61,69531.09999999999,169.6,322.87,,21151.6,93661.780,93169.310
