Configuration,sgemm_128x128x8_NN,im2col_gpu_kernel,ker2row_kernel,DtoH,HtoD,sgemm_128x128x8_NN_vec,sgemm_32x32x32_NN_vec,Total_time,Kernel_time
(3_64_96_11),22820.2,5069.63,1889.06,1526.1899999999998,204.84,,,31509.920,29778.890
(96_26_256_5),,7632.27,64221.4,1000.51,525.98,63928.0,,137308.160,135781.670
(256_12_384_3),,1678.9,69922.0,226.45,224.89,,19752.5,91804.740,91353.400
(384_12_384_3),,1559.85,88943.1,142.05,203.34,,18437.0,109285.340,108939.950
(384_12_256_3),,2570.3399999999997,70941.8,176.86,333.73,,21863.9,95886.630,95376.040
